graph_id,n,vertex,coverage_fraction
n100_s100007,100,59,1.0
n100_s100007,100,78,1.0
n100_s100007,100,2,1.0
n100_s100007,100,32,1.0
n100_s100007,100,30,0.99
n100_s100007,100,93,1.0
n100_s100007,100,69,1.0
n100_s100007,100,91,1.0
n100_s100007,100,42,1.0
n100_s100007,100,11,1.0
n100_s100007,100,17,1.0
n100_s100007,100,94,1.0
n100_s100007,100,55,0.98
n100_s100007,100,4,1.0
n100_s100007,100,22,0.99
n100_s100007,100,44,1.0
n100_s100007,100,90,1.0
n100_s100007,100,6,1.0
n100_s100007,100,19,1.0
n100_s100007,100,10,1.0
n100_s100008,100,79,1.0
n100_s100008,100,60,1.0
n100_s100008,100,10,1.0
n100_s100008,100,97,1.0
n100_s100008,100,55,1.0
n100_s100008,100,24,1.0
n100_s100008,100,83,1.0
n100_s100008,100,14,1.0
n100_s100008,100,0,1.0
n100_s100008,100,22,1.0
n100_s100008,100,45,1.0
n100_s100008,100,86,1.0
n100_s100008,100,42,1.0
n100_s100008,100,4,1.0
n100_s100008,100,95,0.99
n100_s100008,100,88,1.0
n100_s100008,100,71,1.0
n100_s100008,100,43,1.0
n100_s100008,100,47,1.0
n100_s100008,100,15,1.0
n100_s100020,100,58,1.0
n100_s100020,100,70,1.0
n100_s100020,100,23,1.0
n100_s100020,100,90,1.0
n100_s100020,100,98,1.0
n100_s100020,100,49,1.0
n100_s100020,100,39,1.0
n100_s100020,100,22,1.0
n100_s100020,100,3,1.0
n100_s100020,100,84,1.0
n100_s100020,100,71,1.0
n100_s100020,100,86,1.0
n100_s100020,100,45,1.0
n100_s100020,100,42,1.0
n100_s100020,100,24,0.99
n100_s100020,100,26,1.0
n100_s100020,100,19,1.0
n100_s100020,100,63,1.0
n100_s100020,100,91,1.0
n100_s100020,100,7,1.0
n100_s100022,100,65,1.0
n100_s100022,100,92,1.0
n100_s100022,100,96,1.0
n100_s100022,100,30,1.0
n100_s100022,100,71,1.0
n100_s100022,100,87,1.0
n100_s100022,100,74,1.0
n100_s100022,100,46,1.0
n100_s100022,100,15,1.0
n100_s100022,100,68,1.0
n100_s100022,100,99,1.0
n100_s100022,100,89,1.0
n100_s100022,100,93,1.0
n100_s100022,100,84,1.0
n100_s100022,100,80,1.0
n100_s100022,100,19,1.0
n100_s100022,100,48,1.0
n100_s100022,100,36,1.0
n100_s100022,100,50,1.0
n100_s100022,100,56,1.0
n100_s100027,100,20,1.0
n100_s100027,100,60,1.0
n100_s100027,100,44,1.0
n100_s100027,100,74,1.0
n100_s100027,100,41,1.0
n100_s100027,100,83,1.0
n100_s100027,100,6,1.0
n100_s100027,100,19,1.0
n100_s100027,100,50,1.0
n100_s100027,100,68,1.0
n100_s100027,100,67,1.0
n100_s100027,100,17,1.0
n100_s100027,100,85,0.93
n100_s100027,100,64,1.0
n100_s100027,100,86,1.0
n100_s100027,100,36,1.0
n100_s100027,100,77,1.0
n100_s100027,100,34,1.0
n100_s100027,100,7,1.0
n100_s100027,100,46,1.0
n100_s100044,100,67,1.0
n100_s100044,100,69,1.0
n100_s100044,100,74,1.0
n100_s100044,100,18,1.0
n100_s100044,100,25,1.0
n100_s100044,100,49,1.0
n100_s100044,100,54,1.0
n100_s100044,100,32,1.0
n100_s100044,100,78,1.0
n100_s100044,100,16,1.0
n100_s100044,100,61,1.0
n100_s100044,100,50,1.0
n100_s100044,100,62,1.0
n100_s100044,100,77,1.0
n100_s100044,100,41,1.0
n100_s100044,100,1,1.0
n100_s100044,100,35,1.0
n100_s100044,100,72,1.0
n100_s100044,100,90,1.0
n100_s100044,100,81,1.0
n100_s100045,100,47,1.0
n100_s100045,100,20,1.0
n100_s100045,100,45,1.0
n100_s100045,100,89,1.0
n100_s100045,100,77,1.0
n100_s100045,100,4,1.0
n100_s100045,100,42,1.0
n100_s100045,100,50,1.0
n100_s100045,100,6,1.0
n100_s100045,100,97,1.0
n100_s100045,100,10,1.0
n100_s100045,100,16,1.0
n100_s100045,100,5,1.0
n100_s100045,100,48,1.0
n100_s100045,100,29,1.0
n100_s100045,100,30,1.0
n100_s100045,100,70,1.0
n100_s100045,100,38,1.0
n100_s100045,100,90,1.0
n100_s100045,100,11,1.0
n100_s100046,100,51,1.0
n100_s100046,100,17,1.0
n100_s100046,100,58,0.8888888888888888
n100_s100046,100,61,1.0
n100_s100046,100,83,1.0
n100_s100046,100,2,1.0
n100_s100046,100,67,1.0
n100_s100046,100,78,0.9797979797979798
n100_s100046,100,44,1.0
n100_s100046,100,52,1.0
n100_s100046,100,25,1.0
n100_s100046,100,29,1.0
n100_s100046,100,77,1.0
n100_s100046,100,33,1.0
n100_s100046,100,37,1.0
n100_s100046,100,38,0.98989898989899
n100_s100046,100,45,1.0
n100_s100046,100,15,1.0
n100_s100046,100,9,1.0
n100_s100046,100,68,1.0
n100_s100055,100,34,1.0
n100_s100055,100,1,0.96
n100_s100055,100,74,1.0
n100_s100055,100,70,1.0
n100_s100055,100,39,1.0
n100_s100055,100,59,1.0
n100_s100055,100,61,1.0
n100_s100055,100,64,1.0
n100_s100055,100,24,1.0
n100_s100055,100,0,1.0
n100_s100055,100,77,1.0
n100_s100055,100,2,1.0
n100_s100055,100,7,1.0
n100_s100055,100,35,1.0
n100_s100055,100,60,1.0
n100_s100055,100,83,1.0
n100_s100055,100,84,1.0
n100_s100055,100,86,1.0
n100_s100055,100,76,1.0
n100_s100055,100,99,1.0
n100_s100059,100,85,1.0
n100_s100059,100,45,1.0
n100_s100059,100,21,1.0
n100_s100059,100,52,1.0
n100_s100059,100,63,1.0
n100_s100059,100,24,0.99
n100_s100059,100,90,1.0
n100_s100059,100,93,1.0
n100_s100059,100,68,1.0
n100_s100059,100,3,1.0
n100_s100059,100,34,1.0
n100_s100059,100,84,1.0
n100_s100059,100,54,1.0
n100_s100059,100,62,1.0
n100_s100059,100,89,1.0
n100_s100059,100,83,1.0
n100_s100059,100,16,1.0
n100_s100059,100,25,1.0
n100_s100059,100,30,1.0
n100_s100059,100,11,1.0
n100_s100074,100,29,1.0
n100_s100074,100,42,1.0
n100_s100074,100,12,1.0
n100_s100074,100,58,1.0
n100_s100074,100,30,1.0
n100_s100074,100,4,1.0
n100_s100074,100,14,1.0
n100_s100074,100,16,1.0
n100_s100074,100,47,1.0
n100_s100074,100,0,1.0
n100_s100074,100,10,0.99
n100_s100074,100,19,0.95
n100_s100074,100,41,1.0
n100_s100074,100,28,1.0
n100_s100074,100,62,1.0
n100_s100074,100,99,0.99
n100_s100074,100,98,1.0
n100_s100074,100,46,0.97
n100_s100074,100,91,1.0
n100_s100074,100,67,1.0
n100_s100076,100,47,1.0
n100_s100076,100,37,1.0
n100_s100076,100,45,1.0
n100_s100076,100,22,1.0
n100_s100076,100,52,1.0
n100_s100076,100,87,1.0
n100_s100076,100,43,1.0
n100_s100076,100,27,1.0
n100_s100076,100,79,1.0
n100_s100076,100,92,1.0
n100_s100076,100,42,1.0
n100_s100076,100,55,1.0
n100_s100076,100,60,1.0
n100_s100076,100,34,1.0
n100_s100076,100,46,1.0
n100_s100076,100,29,1.0
n100_s100076,100,76,1.0
n100_s100076,100,26,1.0
n100_s100076,100,68,1.0
n100_s100076,100,51,0.99
n100_s100089,100,33,1.0
n100_s100089,100,63,1.0
n100_s100089,100,58,1.0
n100_s100089,100,3,1.0
n100_s100089,100,19,1.0
n100_s100089,100,62,1.0
n100_s100089,100,81,1.0
n100_s100089,100,48,1.0
n100_s100089,100,98,1.0
n100_s100089,100,38,1.0
n100_s100089,100,6,1.0
n100_s100089,100,92,1.0
n100_s100089,100,77,1.0
n100_s100089,100,41,1.0
n100_s100089,100,84,1.0
n100_s100089,100,32,1.0
n100_s100089,100,50,1.0
n100_s100089,100,90,1.0
n100_s100089,100,28,1.0
n100_s100089,100,88,1.0
n100_s100090,100,10,1.0
n100_s100090,100,27,1.0
n100_s100090,100,53,1.0
n100_s100090,100,65,1.0
n100_s100090,100,62,1.0
n100_s100090,100,13,1.0
n100_s100090,100,0,1.0
n100_s100090,100,38,1.0
n100_s100090,100,92,1.0
n100_s100090,100,78,1.0
n100_s100090,100,25,1.0
n100_s100090,100,80,1.0
n100_s100090,100,24,1.0
n100_s100090,100,31,1.0
n100_s100090,100,34,1.0
n100_s100090,100,14,1.0
n100_s100090,100,74,1.0
n100_s100090,100,76,1.0
n100_s100090,100,83,1.0
n100_s100090,100,52,1.0
n200_s200001,200,168,1.0
n200_s200001,200,161,1.0
n200_s200001,200,162,1.0
n200_s200001,200,132,1.0
n200_s200001,200,140,0.995
n200_s200001,200,141,1.0
n200_s200001,200,23,0.99
n200_s200001,200,152,0.995
n200_s200001,200,98,0.99
n200_s200001,200,138,0.985
n200_s200001,200,0,1.0
n200_s200001,200,189,0.99
n200_s200001,200,197,0.925
n200_s200001,200,26,1.0
n200_s200001,200,50,0.99
n200_s200001,200,117,1.0
n200_s200001,200,185,0.995
n200_s200001,200,51,1.0
n200_s200001,200,160,1.0
n200_s200001,200,188,0.995
n200_s200006,200,13,0.995
n200_s200006,200,183,1.0
n200_s200006,200,111,1.0
n200_s200006,200,127,0.995
n200_s200006,200,152,1.0
n200_s200006,200,103,0.995
n200_s200006,200,80,1.0
n200_s200006,200,116,1.0
n200_s200006,200,88,0.995
n200_s200006,200,112,0.995
n200_s200006,200,121,0.995
n200_s200006,200,74,0.99
n200_s200006,200,49,0.995
n200_s200006,200,77,0.99
n200_s200006,200,40,0.99
n200_s200006,200,10,0.985
n200_s200006,200,53,0.99
n200_s200006,200,63,0.99
n200_s200006,200,192,0.995
n200_s200006,200,124,0.98
n200_s200011,200,27,1.0
n200_s200011,200,150,1.0
n200_s200011,200,21,1.0
n200_s200011,200,10,1.0
n200_s200011,200,11,1.0
n200_s200011,200,134,0.995
n200_s200011,200,62,1.0
n200_s200011,200,157,0.995
n200_s200011,200,88,1.0
n200_s200011,200,125,0.99
n200_s200011,200,122,0.995
n200_s200011,200,4,0.94
n200_s200011,200,145,0.98
n200_s200011,200,42,1.0
n200_s200011,200,108,0.995
n200_s200011,200,32,0.995
n200_s200011,200,165,0.995
n200_s200011,200,79,1.0
n200_s200011,200,52,1.0
n200_s200011,200,175,0.995
n200_s200024,200,181,1.0
n200_s200024,200,105,0.995
n200_s200024,200,128,0.99
n200_s200024,200,33,1.0
n200_s200024,200,41,1.0
n200_s200024,200,177,1.0
n200_s200024,200,24,1.0
n200_s200024,200,98,1.0
n200_s200024,200,44,1.0
n200_s200024,200,175,1.0
n200_s200024,200,43,1.0
n200_s200024,200,5,1.0
n200_s200024,200,124,1.0
n200_s200024,200,46,1.0
n200_s200024,200,149,0.995
n200_s200024,200,171,1.0
n200_s200024,200,22,1.0
n200_s200024,200,28,1.0
n200_s200024,200,93,1.0
n200_s200024,200,172,1.0
n200_s200026,200,154,0.9949748743718593
n200_s200026,200,108,0.9949748743718593
n200_s200026,200,102,0.9798994974874372
n200_s200026,200,9,0.9949748743718593
n200_s200026,200,81,1.0
n200_s200026,200,175,0.9949748743718593
n200_s200026,200,77,0.9899497487437185
n200_s200026,200,106,0.9899497487437185
n200_s200026,200,150,0.9949748743718593
n200_s200026,200,67,0.964824120603015
n200_s200026,200,14,0.9899497487437185
n200_s200026,200,4,1.0
n200_s200026,200,176,0.9447236180904522
n200_s200026,200,61,0.9949748743718593
n200_s200026,200,22,0.9849246231155779
n200_s200026,200,125,0.9547738693467337
n200_s200026,200,168,0.9748743718592965
n200_s200026,200,33,1.0
n200_s200026,200,196,1.0
n200_s200026,200,104,0.9899497487437185
n200_s200029,200,146,1.0
n200_s200029,200,198,1.0
n200_s200029,200,91,0.995
n200_s200029,200,108,0.995
n200_s200029,200,174,0.995
n200_s200029,200,193,0.995
n200_s200029,200,14,1.0
n200_s200029,200,102,1.0
n200_s200029,200,77,1.0
n200_s200029,200,159,1.0
n200_s200029,200,166,0.79
n200_s200029,200,173,0.995
n200_s200029,200,23,1.0
n200_s200029,200,85,1.0
n200_s200029,200,70,1.0
n200_s200029,200,170,1.0
n200_s200029,200,93,0.99
n200_s200029,200,35,0.99
n200_s200029,200,183,1.0
n200_s200029,200,118,1.0
n200_s200035,200,164,1.0
n200_s200035,200,45,1.0
n200_s200035,200,150,0.995
n200_s200035,200,185,1.0
n200_s200035,200,196,1.0
n200_s200035,200,66,0.965
n200_s200035,200,82,1.0
n200_s200035,200,103,0.995
n200_s200035,200,22,1.0
n200_s200035,200,166,0.995
n200_s200035,200,190,1.0
n200_s200035,200,53,1.0
n200_s200035,200,161,0.995
n200_s200035,200,170,1.0
n200_s200035,200,158,1.0
n200_s200035,200,89,1.0
n200_s200035,200,197,1.0
n200_s200035,200,38,0.985
n200_s200035,200,51,1.0
n200_s200035,200,125,1.0
n200_s200037,200,59,0.995
n200_s200037,200,139,0.99
n200_s200037,200,146,1.0
n200_s200037,200,199,1.0
n200_s200037,200,156,1.0
n200_s200037,200,72,1.0
n200_s200037,200,18,1.0
n200_s200037,200,49,1.0
n200_s200037,200,140,1.0
n200_s200037,200,101,0.98
n200_s200037,200,159,0.99
n200_s200037,200,77,0.995
n200_s200037,200,181,0.995
n200_s200037,200,196,1.0
n200_s200037,200,55,1.0
n200_s200037,200,186,1.0
n200_s200037,200,98,0.825
n200_s200037,200,125,0.99
n200_s200037,200,50,1.0
n200_s200037,200,168,1.0
n200_s200044,200,89,0.99
n200_s200044,200,58,1.0
n200_s200044,200,157,1.0
n200_s200044,200,90,1.0
n200_s200044,200,93,1.0
n200_s200044,200,34,1.0
n200_s200044,200,184,1.0
n200_s200044,200,110,0.995
n200_s200044,200,168,0.995
n200_s200044,200,118,1.0
n200_s200044,200,28,1.0
n200_s200044,200,175,1.0
n200_s200044,200,178,1.0
n200_s200044,200,172,0.995
n200_s200044,200,39,1.0
n200_s200044,200,11,1.0
n200_s200044,200,183,1.0
n200_s200044,200,121,0.975
n200_s200044,200,160,0.995
n200_s200044,200,36,1.0
n200_s200050,200,84,1.0
n200_s200050,200,157,1.0
n200_s200050,200,100,1.0
n200_s200050,200,114,1.0
n200_s200050,200,28,1.0
n200_s200050,200,186,1.0
n200_s200050,200,8,1.0
n200_s200050,200,98,0.99
n200_s200050,200,183,1.0
n200_s200050,200,172,0.99
n200_s200050,200,121,1.0
n200_s200050,200,140,0.96
n200_s200050,200,89,1.0
n200_s200050,200,80,1.0
n200_s200050,200,193,0.995
n200_s200050,200,113,1.0
n200_s200050,200,53,0.995
n200_s200050,200,26,1.0
n200_s200050,200,31,1.0
n200_s200050,200,72,1.0
n200_s200054,200,10,1.0
n200_s200054,200,50,0.9899497487437185
n200_s200054,200,190,1.0
n200_s200054,200,47,1.0
n200_s200054,200,181,1.0
n200_s200054,200,1,1.0
n200_s200054,200,182,1.0
n200_s200054,200,119,1.0
n200_s200054,200,109,1.0
n200_s200054,200,155,1.0
n200_s200054,200,192,0.9949748743718593
n200_s200054,200,123,1.0
n200_s200054,200,91,1.0
n200_s200054,200,89,1.0
n200_s200054,200,188,1.0
n200_s200054,200,6,1.0
n200_s200054,200,114,1.0
n200_s200054,200,66,1.0
n200_s200054,200,81,1.0
n200_s200054,200,160,0.9949748743718593
n200_s200058,200,182,0.97
n200_s200058,200,161,0.97
n200_s200058,200,198,0.995
n200_s200058,200,78,1.0
n200_s200058,200,97,0.99
n200_s200058,200,91,0.985
n200_s200058,200,102,1.0
n200_s200058,200,24,1.0
n200_s200058,200,11,1.0
n200_s200058,200,123,1.0
n200_s200058,200,62,0.995
n200_s200058,200,79,1.0
n200_s200058,200,187,0.96
n200_s200058,200,120,1.0
n200_s200058,200,122,1.0
n200_s200058,200,48,0.985
n200_s200058,200,42,1.0
n200_s200058,200,166,0.975
n200_s200058,200,146,1.0
n200_s200058,200,21,1.0
n200_s200067,200,87,1.0
n200_s200067,200,42,0.99
n200_s200067,200,26,1.0
n200_s200067,200,5,0.995
n200_s200067,200,25,0.99
n200_s200067,200,18,1.0
n200_s200067,200,91,0.995
n200_s200067,200,114,1.0
n200_s200067,200,171,0.995
n200_s200067,200,135,0.985
n200_s200067,200,11,0.995
n200_s200067,200,191,0.97
n200_s200067,200,88,1.0
n200_s200067,200,154,1.0
n200_s200067,200,13,0.995
n200_s200067,200,182,1.0
n200_s200067,200,1,0.995
n200_s200067,200,104,0.98
n200_s200067,200,3,1.0
n200_s200067,200,175,1.0
n200_s200068,200,7,1.0
n200_s200068,200,176,1.0
n200_s200068,200,152,1.0
n200_s200068,200,33,1.0
n200_s200068,200,94,1.0
n200_s200068,200,118,0.98
n200_s200068,200,48,1.0
n200_s200068,200,174,0.995
n200_s200068,200,177,1.0
n200_s200068,200,59,1.0
n200_s200068,200,9,1.0
n200_s200068,200,75,0.995
n200_s200068,200,4,1.0
n200_s200068,200,35,0.985
n200_s200068,200,96,1.0
n200_s200068,200,44,0.98
n200_s200068,200,62,1.0
n200_s200068,200,151,1.0
n200_s200068,200,86,0.975
n200_s200068,200,67,1.0
n200_s200076,200,197,1.0
n200_s200076,200,34,1.0
n200_s200076,200,18,1.0
n200_s200076,200,33,1.0
n200_s200076,200,73,1.0
n200_s200076,200,138,1.0
n200_s200076,200,196,1.0
n200_s200076,200,36,1.0
n200_s200076,200,60,1.0
n200_s200076,200,30,1.0
n200_s200076,200,8,1.0
n200_s200076,200,161,1.0
n200_s200076,200,50,0.995
n200_s200076,200,12,1.0
n200_s200076,200,167,1.0
n200_s200076,200,132,1.0
n200_s200076,200,88,1.0
n200_s200076,200,71,1.0
n200_s200076,200,61,0.995
n200_s200076,200,130,0.99
n200_s200084,200,52,0.995
n200_s200084,200,193,0.99
n200_s200084,200,18,0.955
n200_s200084,200,172,0.995
n200_s200084,200,21,0.985
n200_s200084,200,11,1.0
n200_s200084,200,97,0.985
n200_s200084,200,10,1.0
n200_s200084,200,60,1.0
n200_s200084,200,55,0.99
n200_s200084,200,89,0.995
n200_s200084,200,62,0.995
n200_s200084,200,157,0.975
n200_s200084,200,23,1.0
n200_s200084,200,43,1.0
n200_s200084,200,84,0.995
n200_s200084,200,37,0.99
n200_s200084,200,199,1.0
n200_s200084,200,87,0.995
n200_s200084,200,65,1.0
n200_s200094,200,73,0.995
n200_s200094,200,2,1.0
n200_s200094,200,100,1.0
n200_s200094,200,96,0.945
n200_s200094,200,170,1.0
n200_s200094,200,186,1.0
n200_s200094,200,3,1.0
n200_s200094,200,56,0.995
n200_s200094,200,171,1.0
n200_s200094,200,152,1.0
n200_s200094,200,23,1.0
n200_s200094,200,27,1.0
n200_s200094,200,109,1.0
n200_s200094,200,48,1.0
n200_s200094,200,140,0.99
n200_s200094,200,43,0.995
n200_s200094,200,101,1.0
n200_s200094,200,65,1.0
n200_s200094,200,19,1.0
n200_s200094,200,47,1.0
n200_s200099,200,55,1.0
n200_s200099,200,69,0.995
n200_s200099,200,160,0.995
n200_s200099,200,12,1.0
n200_s200099,200,158,0.995
n200_s200099,200,153,0.995
n200_s200099,200,41,0.995
n200_s200099,200,141,1.0
n200_s200099,200,82,0.99
n200_s200099,200,182,1.0
n200_s200099,200,89,1.0
n200_s200099,200,161,1.0
n200_s200099,200,77,1.0
n200_s200099,200,62,0.995
n200_s200099,200,95,1.0
n200_s200099,200,86,0.995
n200_s200099,200,20,1.0
n200_s200099,200,84,1.0
n200_s200099,200,110,1.0
n200_s200099,200,105,1.0
n500_s500000,500,364,0.9799196787148594
n500_s500000,500,182,0.9799196787148594
n500_s500000,500,272,0.9839357429718876
n500_s500000,500,366,0.9738955823293173
n500_s500000,500,176,0.9819277108433735
n500_s500000,500,79,0.9819277108433735
n500_s500000,500,96,1.0
n500_s500000,500,274,0.9839357429718876
n500_s500000,500,77,0.9879518072289156
n500_s500000,500,350,0.9959839357429718
n500_s500000,500,347,0.9337349397590361
n500_s500000,500,328,0.9698795180722891
n500_s500000,500,287,0.9799196787148594
n500_s500000,500,89,0.9819277108433735
n500_s500000,500,270,0.9738955823293173
n500_s500000,500,88,0.9899598393574297
n500_s500000,500,202,0.9437751004016064
n500_s500000,500,277,0.9698795180722891
n500_s500000,500,356,0.9879518072289156
n500_s500000,500,495,0.9738955823293173
n500_s500014,500,309,0.95
n500_s500014,500,215,0.914
n500_s500014,500,307,0.976
n500_s500014,500,25,0.994
n500_s500014,500,57,0.988
n500_s500014,500,413,0.998
n500_s500014,500,174,0.892
n500_s500014,500,50,0.956
n500_s500014,500,212,0.982
n500_s500014,500,166,0.98
n500_s500014,500,171,0.976
n500_s500014,500,218,0.926
n500_s500014,500,406,0.964
n500_s500014,500,164,0.968
n500_s500014,500,365,0.75
n500_s500014,500,390,0.988
n500_s500014,500,39,0.972
n500_s500014,500,297,0.996
n500_s500014,500,125,0.956
n500_s500014,500,195,0.888
n500_s500022,500,316,0.902
n500_s500022,500,35,0.986
n500_s500022,500,363,0.988
n500_s500022,500,136,0.994
n500_s500022,500,13,0.992
n500_s500022,500,154,0.994
n500_s500022,500,232,0.964
n500_s500022,500,178,0.964
n500_s500022,500,142,0.98
n500_s500022,500,140,0.994
n500_s500022,500,137,0.998
n500_s500022,500,278,0.996
n500_s500022,500,15,0.952
n500_s500022,500,429,0.97
n500_s500022,500,298,0.992
n500_s500022,500,239,0.966
n500_s500022,500,358,0.98
n500_s500022,500,143,0.996
n500_s500022,500,487,0.992
n500_s500022,500,383,0.99
n500_s500031,500,36,0.93
n500_s500031,500,73,0.976
n500_s500031,500,140,0.96
n500_s500031,500,357,0.986
n500_s500031,500,138,0.576
n500_s500031,500,445,0.98
n500_s500031,500,316,0.976
n500_s500031,500,4,0.992
n500_s500031,500,38,0.908
n500_s500031,500,332,0.982
n500_s500031,500,182,0.868
n500_s500031,500,15,0.966
n500_s500031,500,243,0.938
n500_s500031,500,312,0.992
n500_s500031,500,230,0.986
n500_s500031,500,433,0.992
n500_s500031,500,223,0.934
n500_s500031,500,262,0.986
n500_s500031,500,457,0.868
n500_s500031,500,251,0.956
n500_s500032,500,277,0.9559118236472945
n500_s500032,500,487,0.9859719438877755
n500_s500032,500,130,0.6893787575150301
n500_s500032,500,244,0.9458917835671342
n500_s500032,500,463,0.9919839679358717
n500_s500032,500,439,0.905811623246493
n500_s500032,500,287,0.9959919839679359
n500_s500032,500,363,0.9839679358717435
n500_s500032,500,39,0.969939879759519
n500_s500032,500,330,0.9859719438877755
n500_s500032,500,319,0.9679358717434869
n500_s500032,500,41,0.9759519038076152
n500_s500032,500,325,0.8917835671342685
n500_s500032,500,498,0.9819639278557114
n500_s500032,500,358,0.9819639278557114
n500_s500032,500,151,0.9759519038076152
n500_s500032,500,78,0.935871743486974
n500_s500032,500,86,0.9779559118236473
n500_s500032,500,433,0.9038076152304609
n500_s500032,500,429,0.9478957915831663
n500_s500042,500,330,0.988
n500_s500042,500,205,0.958
n500_s500042,500,417,0.988
n500_s500042,500,111,0.976
n500_s500042,500,353,0.872
n500_s500042,500,422,0.978
n500_s500042,500,219,0.928
n500_s500042,500,379,0.974
n500_s500042,500,289,0.988
n500_s500042,500,451,0.956
n500_s500042,500,372,0.964
n500_s500042,500,208,0.98
n500_s500042,500,220,0.92
n500_s500042,500,282,0.952
n500_s500042,500,327,0.986
n500_s500042,500,102,0.932
n500_s500042,500,473,0.98
n500_s500042,500,90,0.992
n500_s500042,500,366,0.996
n500_s500042,500,78,0.99
n500_s500043,500,446,0.962
n500_s500043,500,335,0.996
n500_s500043,500,227,0.946
n500_s500043,500,499,0.994
n500_s500043,500,403,0.936
n500_s500043,500,110,0.992
n500_s500043,500,107,0.992
n500_s500043,500,331,0.908
n500_s500043,500,128,0.992
n500_s500043,500,273,0.996
n500_s500043,500,62,0.962
n500_s500043,500,131,0.986
n500_s500043,500,498,0.99
n500_s500043,500,476,0.974
n500_s500043,500,357,0.964
n500_s500043,500,319,0.978
n500_s500043,500,211,0.99
n500_s500043,500,260,0.998
n500_s500043,500,399,0.954
n500_s500043,500,400,0.992
n500_s500052,500,170,0.8717434869739479
n500_s500052,500,107,0.9539078156312625
n500_s500052,500,76,0.9719438877755511
n500_s500052,500,353,0.9739478957915831
n500_s500052,500,230,0.9478957915831663
n500_s500052,500,482,0.9919839679358717
n500_s500052,500,491,0.8537074148296593
n500_s500052,500,463,0.8216432865731463
n500_s500052,500,62,0.7715430861723447
n500_s500052,500,274,0.9839679358717435
n500_s500052,500,464,0.9879759519038076
n500_s500052,500,449,0.9819639278557114
n500_s500052,500,87,0.5450901803607214
n500_s500052,500,153,0.9619238476953907
n500_s500052,500,436,0.9619238476953907
n500_s500052,500,439,0.8997995991983968
n500_s500052,500,419,0.9899799599198397
n500_s500052,500,294,0.9679358717434869
n500_s500052,500,458,0.9939879759519038
n500_s500052,500,197,0.9839679358717435
n500_s500055,500,473,0.972
n500_s500055,500,255,0.978
n500_s500055,500,257,0.998
n500_s500055,500,83,0.93
n500_s500055,500,33,0.994
n500_s500055,500,114,0.934
n500_s500055,500,231,0.998
n500_s500055,500,135,0.994
n500_s500055,500,471,0.998
n500_s500055,500,143,0.984
n500_s500055,500,212,0.998
n500_s500055,500,420,0.992
n500_s500055,500,484,0.986
n500_s500055,500,409,0.966
n500_s500055,500,269,0.986
n500_s500055,500,393,0.958
n500_s500055,500,176,0.978
n500_s500055,500,168,0.97
n500_s500055,500,66,0.908
n500_s500055,500,496,0.982
n500_s500057,500,299,0.744
n500_s500057,500,386,0.916
n500_s500057,500,452,0.864
n500_s500057,500,401,0.906
n500_s500057,500,12,0.99
n500_s500057,500,393,0.998
n500_s500057,500,466,0.994
n500_s500057,500,120,0.982
n500_s500057,500,296,0.978
n500_s500057,500,409,0.996
n500_s500057,500,43,0.962
n500_s500057,500,454,0.978
n500_s500057,500,396,0.994
n500_s500057,500,406,0.976
n500_s500057,500,5,0.98
n500_s500057,500,131,0.862
n500_s500057,500,287,0.992
n500_s500057,500,87,0.836
n500_s500057,500,214,0.854
n500_s500057,500,307,0.994
n500_s500069,500,342,0.9779559118236473
n500_s500069,500,3,0.9799599198396793
n500_s500069,500,343,0.9338677354709419
n500_s500069,500,27,0.9398797595190381
n500_s500069,500,138,0.9579158316633266
n500_s500069,500,369,0.9939879759519038
n500_s500069,500,321,0.969939879759519
n500_s500069,500,63,0.9899799599198397
n500_s500069,500,436,0.9799599198396793
n500_s500069,500,443,0.9739478957915831
n500_s500069,500,366,0.9438877755511023
n500_s500069,500,192,0.9979959919839679
n500_s500069,500,496,0.9659318637274549
n500_s500069,500,146,0.9919839679358717
n500_s500069,500,371,0.9979959919839679
n500_s500069,500,289,0.9959919839679359
n500_s500069,500,246,0.9919839679358717
n500_s500069,500,459,1.0
n500_s500069,500,467,0.9899799599198397
n500_s500069,500,279,0.9939879759519038
n500_s500085,500,116,0.956
n500_s500085,500,281,0.95
n500_s500085,500,216,0.976
n500_s500085,500,381,0.882
n500_s500085,500,194,0.98
n500_s500085,500,233,0.986
n500_s500085,500,220,0.994
n500_s500085,500,360,0.792
n500_s500085,500,81,0.874
n500_s500085,500,246,0.99
n500_s500085,500,240,0.914
n500_s500085,500,104,0.978
n500_s500085,500,61,0.98
n500_s500085,500,132,0.966
n500_s500085,500,395,0.98
n500_s500085,500,263,0.896
n500_s500085,500,36,0.952
n500_s500085,500,128,0.982
n500_s500085,500,299,0.988
n500_s500085,500,225,0.976
n500_s500093,500,55,0.8897795591182365
n500_s500093,500,286,0.843687374749499
n500_s500093,500,279,0.9739478957915831
n500_s500093,500,242,0.9859719438877755
n500_s500093,500,267,0.8777555110220441
n500_s500093,500,105,0.9639278557114228
n500_s500093,500,300,0.9539078156312625
n500_s500093,500,12,0.9759519038076152
n500_s500093,500,312,0.9378757515030061
n500_s500093,500,382,0.9899799599198397
n500_s500093,500,144,0.9939879759519038
n500_s500093,500,475,0.9218436873747495
n500_s500093,500,45,0.9939879759519038
n500_s500093,500,28,0.2725450901803607
n500_s500093,500,181,0.9859719438877755
n500_s500093,500,13,0.9819639278557114
n500_s500093,500,346,0.9899799599198397
n500_s500093,500,151,0.9919839679358717
n500_s500093,500,323,0.9238476953907816
n500_s500093,500,24,0.9679358717434869
n2000_s2000001,2000,63,0.6581581581581581
n2000_s2000001,2000,1549,0.7237237237237237
n2000_s2000001,2000,1100,0.6291291291291291
n2000_s2000001,2000,1299,0.6491491491491491
n2000_s2000001,2000,281,0.3943943943943944
n2000_s2000001,2000,1358,0.8358358358358359
n2000_s2000001,2000,534,0.6461461461461462
n2000_s2000001,2000,193,0.5740740740740741
n2000_s2000001,2000,1221,0.6831831831831832
n2000_s2000001,2000,581,0.8113113113113113
n2000_s2000001,2000,784,0.3998998998998999
n2000_s2000001,2000,1755,0.7217217217217218
n2000_s2000001,2000,1990,0.6391391391391391
n2000_s2000001,2000,1326,0.4114114114114114
n2000_s2000001,2000,1378,0.7272272272272272
n2000_s2000001,2000,1613,0.3638638638638639
n2000_s2000001,2000,215,0.8738738738738738
n2000_s2000001,2000,308,0.7442442442442443
n2000_s2000001,2000,1678,0.7267267267267268
n2000_s2000001,2000,1234,0.6001001001001001
n2000_s2000003,2000,879,0.7518759379689844
n2000_s2000003,2000,358,0.5812906453226613
n2000_s2000003,2000,864,0.7853926963481741
n2000_s2000003,2000,1082,0.8129064532266133
n2000_s2000003,2000,229,0.5647823911955978
n2000_s2000003,2000,1335,0.408704352176088
n2000_s2000003,2000,1344,0.8204102051025512
n2000_s2000003,2000,601,0.7158579289644822
n2000_s2000003,2000,424,0.7248624312156078
n2000_s2000003,2000,158,0.83991995997999
n2000_s2000003,2000,1237,0.5707853926963482
n2000_s2000003,2000,1720,0.8194097048524263
n2000_s2000003,2000,1520,0.8319159579789895
n2000_s2000003,2000,107,0.7138569284642321
n2000_s2000003,2000,1301,0.7588794397198599
n2000_s2000003,2000,1130,0.6558279139569785
n2000_s2000003,2000,1839,0.7803901950975488
n2000_s2000003,2000,762,0.5377688844422212
n2000_s2000003,2000,526,0.647823911955978
n2000_s2000003,2000,949,0.7958979489744873
n2000_s2000004,2000,1300,0.7055583375062594
n2000_s2000004,2000,818,0.7621432148222334
n2000_s2000004,2000,0,0.8878317476214321
n2000_s2000004,2000,1299,0.6154231347020531
n2000_s2000004,2000,1533,0.8177265898848273
n2000_s2000004,2000,1598,0.9028542814221332
n2000_s2000004,2000,1276,0.5938908362543815
n2000_s2000004,2000,233,0.8432648973460191
n2000_s2000004,2000,1346,0.7080620931397096
n2000_s2000004,2000,1321,0.885327991987982
n2000_s2000004,2000,1874,0.5533299949924887
n2000_s2000004,2000,876,0.7701552328492739
n2000_s2000004,2000,1220,0.6404606910365548
n2000_s2000004,2000,1757,0.6705057586379569
n2000_s2000004,2000,998,0.8527791687531296
n2000_s2000004,2000,7,0.7666499749624437
n2000_s2000004,2000,526,0.728592889334001
n2000_s2000004,2000,439,0.5017526289434151
n2000_s2000004,2000,65,0.5037556334501753
n2000_s2000004,2000,130,0.642964446670005
n2000_s2000005,2000,153,0.8
n2000_s2000005,2000,1890,0.737
n2000_s2000005,2000,1549,0.4155
n2000_s2000005,2000,1307,0.775
n2000_s2000005,2000,1636,0.5685
n2000_s2000005,2000,1706,0.805
n2000_s2000005,2000,1846,0.5485
n2000_s2000005,2000,1872,0.7805
n2000_s2000005,2000,1031,0.38
n2000_s2000005,2000,517,0.8515
n2000_s2000005,2000,124,0.8695
n2000_s2000005,2000,515,0.787
n2000_s2000005,2000,662,0.523
n2000_s2000005,2000,1950,0.7105
n2000_s2000005,2000,298,0.796
n2000_s2000005,2000,1223,0.6495
n2000_s2000005,2000,281,0.6235
n2000_s2000005,2000,1671,0.7375
n2000_s2000005,2000,504,0.836
n2000_s2000005,2000,571,0.7685
n2000_s2000007,2000,891,0.7078539269634817
n2000_s2000007,2000,1332,0.6608304152076038
n2000_s2000007,2000,1109,0.6008004002001001
n2000_s2000007,2000,1523,0.7108554277138569
n2000_s2000007,2000,172,0.7218609304652326
n2000_s2000007,2000,1774,0.6218109054527263
n2000_s2000007,2000,251,0.7398699349674838
n2000_s2000007,2000,708,0.7368684342171086
n2000_s2000007,2000,1513,0.2876438219109555
n2000_s2000007,2000,669,0.567783891945973
n2000_s2000007,2000,1859,0.4122061030515258
n2000_s2000007,2000,229,0.7023511755877939
n2000_s2000007,2000,1020,0.6398199099549775
n2000_s2000007,2000,1453,0.7718859429714857
n2000_s2000007,2000,178,0.662831415707854
n2000_s2000007,2000,784,0.5407703851925963
n2000_s2000007,2000,1200,0.5017508754377189
n2000_s2000007,2000,438,0.8364182091045522
n2000_s2000007,2000,593,0.8189094547273637
n2000_s2000007,2000,1418,0.8134067033516759
n2000_s2000008,2000,1245,0.8494247123561781
n2000_s2000008,2000,284,0.6568284142071036
n2000_s2000008,2000,207,0.8064032016008004
n2000_s2000008,2000,555,0.7478739369684843
n2000_s2000008,2000,1647,0.6838419209604802
n2000_s2000008,2000,1982,0.8319159579789895
n2000_s2000008,2000,968,0.6818409204602301
n2000_s2000008,2000,1468,0.5502751375687844
n2000_s2000008,2000,1777,0.6708354177088545
n2000_s2000008,2000,1545,0.5877938969484743
n2000_s2000008,2000,38,0.5157578789394698
n2000_s2000008,2000,735,0.6908454227113556
n2000_s2000008,2000,654,0.6548274137068534
n2000_s2000008,2000,1755,0.6068034017008505
n2000_s2000008,2000,759,0.8984492246123061
n2000_s2000008,2000,1531,0.3181590795397699
n2000_s2000008,2000,159,0.6058029014507254
n2000_s2000008,2000,117,0.599799899949975
n2000_s2000008,2000,1352,0.5502751375687844
n2000_s2000008,2000,140,0.576288144072036
n2000_s2000009,2000,525,0.7157157157157157
n2000_s2000009,2000,397,0.8083083083083084
n2000_s2000009,2000,937,0.7947947947947948
n2000_s2000009,2000,1334,0.7327327327327328
n2000_s2000009,2000,1338,0.7467467467467468
n2000_s2000009,2000,814,0.7552552552552553
n2000_s2000009,2000,205,0.7242242242242243
n2000_s2000009,2000,1138,0.5690690690690691
n2000_s2000009,2000,1495,0.8453453453453453
n2000_s2000009,2000,1317,0.6536536536536537
n2000_s2000009,2000,1183,0.6351351351351351
n2000_s2000009,2000,1451,0.7852852852852853
n2000_s2000009,2000,1724,0.6696696696696697
n2000_s2000009,2000,820,0.6231231231231231
n2000_s2000009,2000,1598,0.6441441441441441
n2000_s2000009,2000,1438,0.7047047047047047
n2000_s2000009,2000,1186,0.6051051051051051
n2000_s2000009,2000,1244,0.7482482482482482
n2000_s2000009,2000,318,0.8723723723723724
n2000_s2000009,2000,106,0.7017017017017017
n2000_s2000010,2000,1945,0.6361361361361362
n2000_s2000010,2000,543,0.7537537537537538
n2000_s2000010,2000,908,0.8613613613613613
n2000_s2000010,2000,750,0.8743743743743744
n2000_s2000010,2000,1070,0.576076076076076
n2000_s2000010,2000,201,0.6216216216216216
n2000_s2000010,2000,1251,0.7372372372372372
n2000_s2000010,2000,977,0.6381381381381381
n2000_s2000010,2000,1149,0.539039039039039
n2000_s2000010,2000,1271,0.7237237237237237
n2000_s2000010,2000,41,0.8328328328328328
n2000_s2000010,2000,1296,0.6356356356356356
n2000_s2000010,2000,832,0.7547547547547547
n2000_s2000010,2000,1147,0.6376376376376376
n2000_s2000010,2000,219,0.8458458458458459
n2000_s2000010,2000,903,0.7872872872872873
n2000_s2000010,2000,1580,0.8108108108108109
n2000_s2000010,2000,629,0.7257257257257257
n2000_s2000010,2000,1688,0.8388388388388388
n2000_s2000010,2000,907,0.5245245245245245
